{"ttHto2C_M-125": 2957482.625, "ttHto2B_M-125": 2962314.375, "ggZH_Hto2C_Zto2Q_M-125": 528181.13671875, "ggZH_Hto2B_Zto2Q_M-125": 528153.3149414062, "Zto2Q-4Jets_HT-800": 4069506.0, "Zto2Q-4Jets_HT-600to800": 4111998.0, "Zto2Q-4Jets_HT-400to600": 3873904.0, "Zto2Q-4Jets_HT-200to400": 4273017.0, "ZZ": 2517000.0, "ZH_Hto2C_Zto2Q_M-125": 6544970.421875, "ZH_Hto2B_Zto2Q_M-125": 6591460.333984375, "Wto2Q-3Jets_HT-800": 447311.0, "Wto2Q-3Jets_HT-600to800": 423180.0, "Wto2Q-3Jets_HT-400to600": 422225.0, "Wto2Q-3Jets_HT-200to400": 409598.0, "WplusH_Hto2C_Wto2Q_M-125": 553068.5390625, "WplusH_Hto2B_Wto2Q_M-125": 7801941.81640625, "WminusH_Hto2C_Wto2Q_M-125": 6874395.259765625, "WminusH_Hto2B_Wto2Q_M-125": 4727847.53125, "WZ": 16770000.0, "WW": 33504269.25, "VBFZto2Q": 33644992.0, "VBFZto2Nu": 14397567.0, "VBFZto2L": 53710100.0, "VBFWtoLNu": 775810592.0, "VBFWto2Q": 3760007837.5, "VBFHto2C_M-125": 45792403.75, "VBFHto2B_M-125_dipoleRecoilOn": 46183002.75, "TbarWplustoLNu2Q": 344394344.0, "TbarWplusto4Q": 128862138.0, "TbarWplusto2L2Nu": 18763517.0, "TbarBQ_t-channel_4FS": 218257795.0, "TWminustoLNu2Q": 347343272.0, "TWminusto4Q": 129946299.0, "TWminusto2L2Nu": 18939101.0, "TTtoLNu2Q": 51076923024.0, "TTto4Q": 36253133800.0, "TTto2L2Nu": 3878346728.0, "TBbarQ_t-channel_4FS": 720312626.0, "QCD_HT-800to1000": 1435574406144.0, "QCD_HT-600to800": 5561797169152.0, "QCD_HT-400to600": 38149300432896.0, "QCD_HT-200to400": 637419535728640.0, "QCD_HT-1500to2000": 66332728800.0, "QCD_HT-1200to1500": 203972239520.0, "QCD_HT-100to200": 6468927987122176.0, "QCD_HT-1000to1200": 368581386880.0, "GluGluHto2C_PT-200_M-125": 5626629.796875, "GluGluHto2B_PT-200_M-125": 5667246.5234375}