,VV,QCD,Wto2Q,TopFS,ttH,VBF,Zto2Q,ggF,VH
VBF,12.466639016154073,23267.08211972957,320.02213991473144,76.88719458621651,0.02383799268098409,4.162038689189326,133.6379826021967,1.0267314168845925,0.08685807544721269
VH,75.5781581943765,16040.695215783482,584.8117105521613,1152.6644861783116,1.74083342594856,0.13146817347654446,268.63851742033313,0.7124402983158956,3.3028508744084317
ggF,222.63183304526265,888783.70264312,10073.6306584833,3120.902498360891,2.6686666035502524,2.973805736895961,4017.9125593864833,24.527322874814416,2.6747061214608125
