{"QCD_HT-40to70": 311600000.0, "QCD_HT-70to100": 58520000.0, "QCD_HT-100to200": 25220000.0, "QCD_HT-200to400": 1963000.0, "QCD_HT-400to600": 94870.0, "QCD_HT-600to800": 13420.0, "QCD_HT-800to1000": 2992.0, "QCD_HT-1000to1200": 879.1, "QCD_HT-1200to1500": 384.5, "QCD_HT-1500to2000": 125.5, "QCD_HT-2000": 25.78, "TTto4Q": 410.8994804, "TTto2L2Nu": 102.41708040000002, "TTtoLNu2Q": 410.2834392000001, "WW": 116.8, "WZ": 54.3, "ZZ": 16.7, "ZZto2L2Q": 2.36, "ZZto2Nu2Q": 4.48, "ZZto4L": 0.17, "ZZto2L2Nu": 0.674, "WZtoLNu2Q": 12.368, "WZto2L2Q": 3.696, "WZto3LNu": 1.786, "WWto4Q": 78.79, "WWtoLNu2Q": 76.16, "WWto2L2Nu": 18.41, "WWto4Q_1Jets-4FS": 0, "WZto4Q-1Jets-4FS": 0, "TWminusto4Q": 19.816703400000005, "TWminusto2L2Nu": 4.741853400000001, "TWminustoLNu2Q": 24.558556800000005, "TbarWplusto4Q": 19.816703400000005, "TbarWplustoLNu2Q": 4.741853400000001, "TbarWplusto2L2Nu": 24.558556800000005, "TbarBQ_t-channel_4FS": 87.2, "TBbarQ_t-channel_4FS": 145.0, "GluGluHto2B_M-125": 29.681279999999997, "GluGluHto2C_M-125": 1.4737580000000001, "GluGluHto2B_PT-200_M-125": 0.4773844903597122, "GluGluHto2C_PT-200_M-125": 0.0237079844028777, "VBFHto2B_M-125_dipoleRecoilOn": 2.3172479999999998, "VBFHto2C_M-125_dipoleRecoilOn": 0.11505779999999999, "WminusH_Hto2B_Wto2Q_M-125": 0.34611632640000006, "WminusH_Hto2C_Wto2Q_M-125": 0.017185637040000003, "WminusH_Hto2B_WtoLNu_M-125": 0.1658900736, "WminusH_Hto2C_WtoLNu_M-125": 0.00823690296, "WplusH_Hto2B_Wto2Q_M-125": 0.2210487552, "WplusH_Hto2C_Wto2Q_M-125": 0.010975684720000002, "WplusH_Hto2B_WtoLNu_M-125": 0.1059464448, "WplusH_Hto2C_WtoLNu_M-125": 0.1059464448, "ZH_Hto2B_Zto2L_M-125": 0.013876748927999998, "ZH_Hto2C_Zto2L_M-125": 0.0006890191308, "ZH_Hto2B_Zto2Q_M-125": 0.32533111814399995, "ZH_Hto2C_Zto2Q_M-125": 0.0161535937134, "ZH_Hto2C_Zto2Nu_M-125": 0.0062633271558, "ggZH_Hto2B_Zto2L_M-125": 0.00233597952, "ggZH_Hto2C_Zto2L_M-125": 0.000115987872, "ggZH_Hto2B_Zto2Nu_M-125": 0.021234539519999998, "ggZH_Hto2C_Zto2Nu_M-125": 0.001054353872, "ggZH_Hto2B_Zto2Q_M-125": 0.05476548096, "ggZH_Hto2C_Zto2Q_M-125": 0.0027192582560000003, "ttHto2B_M-125": 0.32831999999999995, "ttHto2C_M-125": 0.016302, "Wto2Q-3Jets_HT-200to400": 2723.0, "Wto2Q-3Jets_HT-400to600": 299.8, "Wto2Q-3Jets_HT-600to800": 63.9, "Wto2Q-3Jets_HT-800": 31.9, "Zto2Q-4Jets_HT-200to400": 1082.0, "Zto2Q-4Jets_HT-400to600": 124.1, "Zto2Q-4Jets_HT-600to800": 27.28, "Zto2Q-4Jets_HT-800": 14.57, "Wto2Q-2Jets_PTQQ-100to200_1J": 758.5, "Wto2Q-2Jets_PTQQ-100to200_2J": 878.5, "Wto2Q-2Jets_PTQQ-200to400_1J": 51.8, "Wto2Q-2Jets_PTQQ-200to400_2J": 113.55, "Wto2Q-2Jets_PTQQ-400to600_1J": 1.748, "Wto2Q-2Jets_PTQQ-400to600_2J": 6.375, "Wto2Q-2Jets_PTQQ-600_1J": 0.21105, "Wto2Q-2Jets_PTQQ-600_2J": 1.064, "Zto2Q-2Jets_PTQQ-100to200_1J": 302.0, "Zto2Q-2Jets_PTQQ-100to200_2J": 343.9, "Zto2Q-2Jets_PTQQ-200to400_1J": 21.64, "Zto2Q-2Jets_PTQQ-200to400_2J": 48.36, "Zto2Q-2Jets_PTQQ-400to600_1J": 0.7376, "Zto2Q-2Jets_PTQQ-400to600_2J": 2.683, "Zto2Q-2Jets_PTQQ-600_1J": 0.08717, "Zto2Q-2Jets_PTQQ-600_2J": 0.4459, "Zto2Nu-2Jets_PTNuNu-100to200_1J": 87.89, "Zto2Nu-2Jets_PTNuNu-100to200_2J": 101.4, "Zto2Nu-2Jets_PTNuNu-200to400_1J": 6.314, "Zto2Nu-2Jets_PTNuNu-200to400_2J": 13.81, "Zto2Nu-2Jets_PTNuNu-400to600_1J": 0.2154, "Zto2Nu-2Jets_PTNuNu-400to600_2J": 0.833, "Zto2Nu-2Jets_PTNuNu-600_1J": 0.02587, "Zto2Nu-2Jets_PTNuNu-600_2J": 0.1574, "Zto2Nu-4Jets_HT-100to200": 273.7, "Zto2Nu-4Jets_HT-200to400": 75.96, "Zto2Nu-4Jets_HT-400to800": 13.19, "Zto2Nu-4Jets_HT-800to1500": 1.364, "WtoLNu-2Jets": 64481.58, "WtoLNu-2Jets_0J": 55760.0, "WtoLNu-2Jets_1J": 9529.0, "WtoLNu-2Jets_2J": 3532.0, "WtoLNu-4Jets": 55390.0, "WtoLNu-4Jets_1J": 9625.0, "WtoLNu-4Jets_2J": 3161.0, "WtoLNu-4Jets_3J": 1468.0, "DYto2L-4Jets_MLL-50": 5467.0, "DYto2L-4Jets_MLL-10to50": 0, "DYto2L-4Jets_MLL-50_1J": 0, "DYto2L-4Jets_MLL-50_2J": 0, "DYto2L-4Jets_MLL-50_3J": 0, "DYto2L-4Jets_MLL-50_4J": 0, "DYto2L-2Jets_MLL-10to50": 0, "DYto2L-2Jets_MLL-50": 6688.0, "DYto2L-2Jets_MLL-50_0J": 5378.0, "DYto2L-2Jets_MLL-50_1J": 1017.0, "DYto2L-2Jets_MLL-50_2J": 385.5, "WGtoLNuG-1Jets_PTG-10to100": 662.2, "WGtoLNuG-1Jets_PTG-100to200": 2.221, "WGtoLNuG-1Jets_PTG-200to400": 0.2908, "WGtoLNuG-1Jets_PTG-400to600": 0.02231, "WGtoLNuG-1Jets_PTG-600": 0.004907, "WGto2QG-1Jets_PTG-100to200": 3.993, "WGto2QG-1Jets_PTG-200": 0.6326, "ZGto2NuG-1Jets_PTG-10to100": 39.93, "ZGto2NuG-1Jets_PTG-100to200": 0.5652, "ZGto2NuG-1Jets_PTG-200to400": 0.07535, "ZGto2NuG-1Jets_PTG-400to600": 0.005547, "ZGto2NuG-1Jets_PTG-600": 0.001177, "ZGto2QG-1Jets_PTG-100to200": 1.949, "ZGto2QG-1Jets_PTG-200": 0.282, "VBFWto2Q": 95.3, "VBFWtoLNu": 41.02, "VBFZto2Q": 13.67, "VBFZto2L": 7.659, "VBFZto2Nu": 4.12}